source_path	A_lines	B_lines	matching_body_sha256
BellBlock.java	163-165	163-165	ca9d4302c3dc18d2b2287b9a27b1f033538025ea2b17f7c5635868c807a47b95
BigDripleafBlock.java	244-246	245-247	e4fd00bf4e0cf4682c9cef8db246ee24460312e2ad93e2aef23ee413803c82bc
CactusBlock.java	68-70	68-70	98c017a5b430407da6d3541850844922bf742cc672e09a642619606597793d1e
ComposterBlock.java	205-207	203-205	459a6395c68b707afc0e47503258b67bfa83002c95fcc855abd3f062a317c4b4
CrossCollisionBlock.java	95-97	95-97	274ea37f6bd0823c967c4a41c6b4eb11ba782adc1ce548514d4155ae849abfb6
FenceGateBlock.java	67-73	84-90	90ef36243deab8241c2717e2339bd64757b147d25aadd9614a782a81cee0313b
GrindstoneBlock.java	137-139	137-139	ca9d4302c3dc18d2b2287b9a27b1f033538025ea2b17f7c5635868c807a47b95
HoneyBlock.java	39-41	39-41	6271868e67145489853621b56ce2ccbdfb875e8f25303f27f0304f7b8793e054
LecternBlock.java	110-112	110-112	5512f195f232460ffd0ba1b40475214665ec8e8bedc44435a9522903f32a01bb
LiquidBlock.java	55-59	55-59	ebdf5b86812386f346b28eaebb427275694b0b4d9b1e82b497c197aa3fb877d4
MudBlock.java	20-22	20-22	6271868e67145489853621b56ce2ccbdfb875e8f25303f27f0304f7b8793e054
PowderSnowBlock.java	96-112	96-112	62b3f7018c5713c377ab757253106d88e58ccde2d73771036444789ae452843d
ScaffoldingBlock.java	117-123	117-123	d4d3b9ee9e9aa250e25017fb1e95065fc9598ae9a3359be6d14b9fde6746bf3a
SculkShriekerBlock.java	85-87	85-87	25a2e2f00db841d79fb0f0055740246bf3848c3290f579b9cf65e9c335496e69
SnowLayerBlock.java	65-67	65-67	46b3169e8dbfa42b961a95894c4e3ea6a515866ec7d3a85fa30243f80153221f
SoulSandBlock.java	26-28	26-28	6271868e67145489853621b56ce2ccbdfb875e8f25303f27f0304f7b8793e054
WallBlock.java	127-129	127-129	2d90d9de2aa4e850efe2101ef0c5e4f72cc260d86d9aa9916823ad8d2eef51dd
piston/MovingPistonBlock.java	102-105	102-105	57a58309b64346d02334f157b5c25adfc78d8f8448fc14f3d4537c79a4b3f9e9
piston/PistonMovingBlockEntity.java	331-360	335-364	dcc749a88a6e40f08e6f3e443d6925a1c7c175170b528037423b4f3066cff9bc
state/BlockBehaviour.java	283-285	294-296	7d862419382664b02dfb2a29e6a00fac1d42848812a7f490f8851a1f506be279
