pair	branch	frozen_tip	merge_commit
1.8.9--1.9.4	feat/source-discovery-movement-source-1-8-9-1-9-4-solid-resume	690577535f5fe081cc6314485c937af4adc7631c	ea86ddc599f8adbe80e18ec1dcba6ea1e38a3c4e
1.9.4--1.10.2	feat/source-discovery-movement-source-1-9-4-1-10-2-resume3	8d4deeedacd03de0c84e175128726b5f6ab63ef3	169d02473556b9a1ef830dbab4c252df02868c35
1.10.2--1.11.2	feat/source-discovery-movement-source-1-10-2-1-11-2	645656e32b402e041abde917fca0ce228c5414fc	9452423fc602a1d9f53886cf32e8eea8f0653f44
1.11.2--1.12.2	feat/source-discovery-movement-source-1-11-2-1-12-2	f4d235379ea451da227a34e710bb66609fe37235	b30a1bfef35a24f75ccdb5d60a72e2c8d2763d75
1.12.2--1.13.2	feat/source-discovery-movement-source-1-12-2-1-13-2	2853716b2031da05abe991e3913078f9a668f3bb	8dced07e357aed662887c6425799065eecb7659a
1.13.2--1.14.4	feat/source-movement-1-13-2-1-14-4-resume6	c7fda155df85b581df2adb18d7e738ca421ac603	5c767142a550edc9ff7eaf3771d3e5cb6e0c6bf2
1.14.4--1.15.2	feat/source-discovery-movement-source-1-14-4-1-15-2	11e4c0b7310eacff07520caf26ebc833ee479e99	888d897fb64bcde760238b4c6e9b4b10c995cf27
1.15.2--1.16.5	feat/source-discovery-1-15-2-1-16-5-resume	f5636dd2fb01860da7ae6440c0d315aa2a117d07	9d99bcafa3442b725a961dd7cec8ef55d15763de
1.16.5--1.17.1	feat/source-discovery-movement-source-1-16-5-1-17-1-audit-oct8	aca4dfb24d5f1e9ec00b375eaf9b8f8b1c57c8b9	192fe62be3ef948a54a769e3ee5f70ccaf9a3729
1.17.1--1.18.2	feat/source-1-17-1-18-2-fresh-oct8	df418e06b957399aa4c31eaf69d38422146ac296	0183c5d26bdc78c45923b03c7f99e3fdca0c5f44
1.18.2--1.19.2	feat/source-discovery-movement-source-1-18-2-1-19-2	ee009fe6d26bd11179c135287794e78cda2a1d1a	c278f6d39e619c7c940c5c72739fe0a40d3f9686
1.19.2--1.19.3	feat/source-discovery-movement-1-19-2-1-19-3-resume	0b2c91f8ad29a8f765564650f6ce872b05fcb689	196000064d1fd0bda4c1e1eae35161023715e2c4
1.19.3--1.19.4	feat/source-discovery-1-19-3-1-19-4-resume-2026-10-08	65053957149e0e657a7cc0401ccaef5ab1570cc4	0003096abed4e661ad6239141a37c36737fef97c
1.19.4--1.20.1	feat/source-discovery-1-19-4-1-20-1-continuation	eb6e73602c4cbf5a72dafcbbe56b9c3b0ff10ba0	32a3c6f467e35aff9d96e6e5ec27fb297ed9f1b2
1.20.1--1.20.2	feat/source-discovery-1-20-1-1-20-2-resume-2026-10-08	7a9fb8ab571a31ee46b444c3ed0f774bad513e01	97260ef29035015e55d4809f307c386d89e7ab6f
1.20.2--1.20.4	feat/source-discovery-1-20-2-1-20-4-resume-2026-10-08	cbcd477f1e1e32aa0a58ea132cb66709b06638cf	21fde4cc24acadd5f9af0bdadb2191f50881dd46
1.20.4--1.20.6	feat/source-discovery-1-20-4-1-20-6-resume-2026-10-08	f14b8d63b79dd9fa787070776e2a8ab660a59502	d56c36d752debb2ed9efec97d161d5bd28042fb7
1.20.6--1.21.1	feat/source-discovery-1-20-6-1-21-1-resume-2026-10-08	9b58e85bdf70c52717632ff796bfb939392d81fa	7cd143ea6d33caf55aa3da76ad85959c5b23ff8b
1.21.1--1.21.3	feat/source-discovery-1-21-1-1-21-3-resume-2026-10-08	864d42197b90585ee5d7eac385ac26b51eb0dbe0	373f78153e7aa99478462845cf4215cbd990674a
1.21.3--1.21.4	feat/source-discovery-movement-source-1-21-3-1-21-4-resume-2026-10-08	5a52807348c03d1a3546c60f49194d0e714980d5	6f0a512624cb910f55ad310b819f5656148a2415
1.21.4--1.21.5	feat/source-discovery-movement-source-1-21-4-1-21-5-resume	1d027c706dd22fd6df2fe14deaf3a02695d6094e	70b9c9011e9934ae7aeb82606bed24673e407b8f
1.21.5--1.21.8	feat/source-discovery-movement-source-1-21-5-1-21-8-resume-2026-10-08	ec84e77c333b75768d5ce44ce2979ba7f1c9ffd6	b16cf81eaf4f0e0b3ff6b7ac0d8f5c22114602c2
1.21.8--1.21.10	feat/source-discovery-movement-1-21-8-1-21-10-resume-2026-10-08	2642f9401ab55ccb2c7372e535122b00d5a76b7e	eae4072101cc3146b996ac8b7e5088c7b0f942ca
1.21.10--1.21.11	feat/source-discovery-1-21-10-1-21-11-resume-2026-10-08	bacbfd252724c5f989e9527ae7700e486d6a7187	90c37ba876b36a8d228b526ea261a5bd3223c0f3
1.21.11--26.1.2	feat/source-1-21-11-26-1-2-resume-oct8	ea6ca59bd217e9ad36ede00122a6952be914839b	27a03cbd9f6c95bdc0bca92316359dd0740e74da
26.1.2--26.2	feat/source-26-1-2-26-2-resume-oct8	7455dc2dc987023433678961b2e9c30e51f0284d	1f6b929f3651b17cc1805de17d3d65e7aa79785d
